classId,className,color
1,Pre KG,#FFC0CB
2,LKG,#FFD700
3,UKG,#FFA07A
4,I,#ADD8E6
5,II,#90EE90
6,III,#FFA500
7,IV,#87CEEB
8,V,#32CD32
9,VI,#6A5ACD
10,VII,#008080
11,VIII,#4682B4
12,IX,#8B0000
13,X,#4B0082
